{
  "nvidia_ai_office_hierarchy.md": 1778382305.3238533,
  "startup_company_hierarchy.md": 1778382305.3248444
}